Rating_Range,Avg_Votes,Count
0-2,144.2,10
2-3,38.99101004759387,1891
3-4,162.15200546946218,4388
4-5,637.4138240574506,1114
