Delivery_Status,Count,Avg_Rating,Avg_Votes
With Online Delivery,2451,3.2488372093023257,211.30722154222767
Without Online Delivery,7100,2.465295774647887,138.13112676056338
