Cuisine,Count,Percentage
North Indian,2992,31.326562663595436
Chinese,855,8.951942205004713
Fast Food,672,7.035912469898439
